<?xml version="1.0" encoding="utf-8" ?>
<!DOCTYPE tiles-definitions PUBLIC 
        "-//Apache Software Foundation//DTD Tiles Configuration 3.0//EN" 
        "http://tiles.apache.org/dtds/tiles-config_3_0.dtd"> 
 
<tiles-definitions>
	<definition name="layouts-tiles" template="/WEB-INF/jsp/egovframework/example/cmmn/default-layouts.jsp">
	  	<put-attribute name="footer"    	value="/WEB-INF/jsp/egovframework/example/cmmn/default-footer.jsp" />
	  	<put-attribute name="header"    	value="/WEB-INF/jsp/egovframework/example/cmmn/default-header.jsp" />
	  	<put-attribute name="left"    		value="/WEB-INF/jsp/egovframework/example/cmmn/default-left.jsp" />
	  	<put-attribute name="middle"   		value="/WEB-INF/jsp/egovframework/example/cmmn/default-middle.jsp"/>
	  	<put-attribute name="nav"    		value="/WEB-INF/jsp/egovframework/example/cmmn/default-nav.jsp" />
	  	<put-attribute name="pageHead"    	value="/WEB-INF/jsp/egovframework/example/cmmn/default-pageHead.jsp" />
	  	<put-attribute name="script"    	value="/WEB-INF/jsp/egovframework/example/cmmn/default-script.jsp" />
	  	<put-attribute name="content"    	value="" />	  	
	</definition>
	
	<definition name="*/*.tiles" extends="layouts-tiles">
	  	<put-attribute name="content"   value="/WEB-INF/jsp/egovframework/example/{1}/{2}.jsp" />
	</definition>
</tiles-definitions>